Symbol,Series,Name,Band,Remarks
APSISAERO,ST,Apsis Aerocom Limited,2,"-"
ASCOM,ST,Ascom Leasing & Investments Limited,2,"-"
ATCENERGY,ST,ATC Energies System Limited,2,"-"
AVATAR,ST,AVATAR INDUSTRIES LIMITED,2,"-"
EXCELLENT,ST,Excellent Wires and Packaging Limited,2,"-"
GRCL,ST,Gayatri Rubbers And Chemicals Limited,2,"-"
GSTL,ST,Globesecure Technologies Limited,2,"-"
INNOMET,ST,Innomet Advanced Materials Limited,2,"-"
ITTL,ST,Innovative Tyres & Tubes Limited,2,"-"
NAMOEWASTE,ST,NAMO EWASTE MANAGEMENT LIMITED,2,"-"
NEWJAISA,ST,Newjaisa Technologies Limited,2,"-"
PRIZOR,ST,Prizor Viztech Limited,2,"-"
SAHASRA,ST,Sahasra Electronic Solutions Limited,2,"-"
TANKUP,ST,Tankup Engineers Limited,2,"-"
UCL,ST,USHANTI COLOUR CHEM LIMITED,2,"-"
UHTL,ST,United Heat Transfer Limited,2,"-"
AAKAAR,SM,Aakaar Medical Technologies Limited,5,"-"
ABSMARINE,ST,ABS Marine Services Limited,5,"-"
ACCORD,ST,Accord Synergy Limited,5,"-"
ACCPL,ST,Accretion Pharmaceuticals Limited,5,"-"
ADDICTIVE,SM,Addictive Learning Technology Limited,5,"-"
AGARWALFT,ST,Agarwal Float Glass India Limited,5,"-"
AGNI,SM,Agni Green Power Limited,5,"-"
AGUL,SM,A G Universal Limited,5,"-"
AHIMSA,ST,Ahimsa Industries Limited,5,"-"
AILIMITED,ST,Abhishek Integrations Limited,5,"-"
AISL,SM,ANI Integrated Services Limited,5,"-"
AKANKSHA,ST,Akanksha Power and Infrastructure Limited,5,"-"
AKIKO,ST,Akiko Global Services Limited,5,"-"
ALCODIS,ST,Alcokraft Distilleries Limited,5,"-"
ALLETEC,ST,All E Technologies Limited,5,"-"
AMBANIORGO,SM,AMBANI ORGOCHEM LIMITED,5,"-"
AMEYA,SM,Ameya Precision Engineers Limited,5,"-"
ANLON,ST,Anlon Technology Solutions Limited,5,"-"
APEXECO,ST,Apex Ecotech Limited,5,"-"
ARCIIL,ST,ARC Insulation & Insulators Limited,5,"-"
ARISTO,ST,Aristo Bio-Tech And Lifescience Limited,5,"-"
ARUNAYA,ST,Arunaya Organics Limited,5,"-"
ARVINDPORT,ST,ARVIND PORT AND INFRA LIMITED,5,"-"
ASPIRE,SM,Aspire & Innovative Advertising Limited,5,"-"
ATMASTCO,ST,Atmastco Limited,5,"-"
AUROIMPEX,SM,Auro Impex & Chemicals Limited,5,"-"
AUSL,SM,Aditya Ultra Steel Limited,5,"-"
AVANA,ST,Avana Electrosystems Limited,5,"-"
AVIENCE,ST,Avience Biomedicals Limited,5,"-"
AVPINFRA,SM,AVP Infracon Limited,5,"-"
AVSL,ST,AVSL Industries Limited,5,"-"
BALCO,ST,Solve Plastic Products Limited,5,"-"
BAWEJA,ST,Baweja Studios Limited,5,"-"
BDR,IT,BDR Buildcon Limited,5,"-"
BEACON,ST,Beacon Trusteeship Limited,5,"-"
BIKEWO,ST,Bikewo Green Tech Limited,5,"-"
BIRDYS,ST,Grill Splendour Services Limited,5,"-"
BLUEWATER,ST,Blue Water Logistics Limited,5,"-"
BOSS,SM,Boss Packaging Solutions Limited,5,"-"
BRANDMAN,ST,Brandman Retail Limited,5,"-"
BULKCORP,SM,Bulkcorp International Limited,5,"-"
CADSYS,ST,Cadsys (India) Limited,5,"-"
CBAZAAR,SM,Net Avenue Technologies Limited,5,"GSM STAGE - 0"
CEDAAR,ST,CEDAAR TEXTILE LIMITED,5,"-"
CELLECOR,ST,Cellecor Gadgets Limited,5,"-"
CHETANA,ST,Chetana Education Limited,5,"-"
CLASSICEIL,ST,Classic Electrodes (India) Limited,5,"-"
CLAYCRAFT,ST,Clay Craft India Limited,5,"-"
CMRSL,SM,Cyber Media Research & Services Limited,5,"-"
COMMITTED,ST,Committed Cargo Care Limited,5,"-"
CONTI,SM,Continental Seeds and Chemicals Limited,5,"-"
COOLCAPS,ST,Cool Caps Industries Limited,5,"-"
CPS,SM,C P S Shapers Limited,5,"-"
CRAYONS,SM,Crayons Advertising Limited,5,"-"
CUDML,ST,Cash Ur Drive Marketing Limited,5,"-"
DEEM,ST,Deem Roll Tech Limited,5,"-"
DELTIC,ST,Delta Autocorp Limited,5,"-"
DESTINY,SM,Destiny Logistics & Infra Limited,5,"-"
DHANSA,ST,Dhansa Labs Limited,5,"-"
DHTL,SM,Docmode Health Technologies Limited,5,"-"
DIRL,SM,Dhanuka Infra Realty Limited,5,"-"
DIVINEHIRA,ST,Divine Hira Jewellers Limited,5,"-"
DIVYADHAN,ST,Divyadhan Recycling Industries Limited,5,"-"
DPEL,SM,Divine Power Energy Limited,5,"-"
DRONE,ST,Drone Destination Limited,5,"-"
DRSCARGO,SM,DRS Cargo Movers Limited,5,"-"
DRSDILIP,SM,DRS Dilip Roadlines Limited,5,"-"
DUGLOBAL,ST,DUDIGITAL GLOBAL LIMITED,5,"-"
DURLAX,ST,Durlax Top Surface Limited,5,"-"
DYNAMIC,ST,Dynamic Services & Security Limited,5,"-"
E2ERAIL,ST,E To E Transportation Infrastructure Limited,5,"-"
ECOLINE,ST,Ecoline Exim Limited,5,"-"
EFFWA,ST,Effwa Infra & Research Limited,5,"-"
ENSER,ST,Enser Communications Limited,5,"-"
EPWINDIA,ST,EPW India Limited,5,"-"
ESCONET,ST,Esconet Technologies Limited,5,"-"
ESFL,ST,Essen Speciality Films Limited,5,"-"
FOCE,SM,Foce India Limited,5,"-"
FONEBOX,SM,Fonebox Retail Limited,5,"-"
FORGEAUTO,SM,Forge Auto International Limited,5,"-"
FROG,ST,Frog Innovations Limited,5,"-"
GANESHIN,ST,Ganesh Infraworld Limited,5,"-"
GCHOTELS,ST,Grand Continent Hotels Limited,5,"-"
GJL,ST,Grover Jewells Limited,5,"-"
GLOBALPET,ST,Global Pet Industries Limited,5,"-"
GML,SM,Galaxy Medicare Limited,5,"-"
GOLDKART,SM,Goldkart Jewels Limited,5,"-"
GOLDSTAR,SM,Goldstar Power Limited,5,"-"
GPECO,ST,GP Eco Solutions India Limited,5,"-"
GRAPHISAD,SM,Graphisads Limited,5,"-"
GREENCHEF,SM,Greenchef Appliances Limited,5,"-"
GREENLEAF,ST,Greenleaf Envirotech Limited,5,"-"
GRETEX,ST,Gretex Industries Limited,5,"-"
GURUNANAK,ST,Gurunanak Agriculture India Limited,5,"-"
HOACFOODS,ST,Hoac Foods India Limited,5,"-"
HOLMARC,SM,Holmarc Opto-Mechatronics Limited,5,"-"
HOMESFY,SM,Homesfy Realty Limited,5,"-"
HPTL,SM,HP Telecom India Limited,5,"-"
HRHNEXT,SM,HRH Next Services Limited,5,"-"
HVAX,SM,HVAX Technologies Limited,5,"-"
IBLFL,SM,IBL Finance Limited,5,"-"
IDENTICAL,ST,Identical Brains Studios Limited,5,"-"
IEML,SM,Indian Emulsifiers Limited,5,"-"
INDIFRA,SM,Indifra Limited,5,"GSM STAGE - 0"
INFINIUM,SM,Infinium Pharmachem Limited,5,"-"
INSPIRE,ST,Inspire Films Limited,5,"-"
INTEGRITY,ST,Integrity Infrabuild Developers Limited,5,"-"
INVICTA,ST,Invicta Diagnostic Limited,5,"-"
ISHAN,SM,Ishan International Limited,5,"-"
IWARE,ST,Iware Supplychain Services Limited,5,"-"
JAINAM,SM,Jainam Ferro Alloys (I) Limited,5,"-"
JAKHARIA,ST,JAKHARIA FABRIC LIMITED,5,"-"
JALAN,ST,Jalan Transolutions (India) Limited,5,"GSM STAGE - 0"
JAYBEE,ST,Jay Bee Laminations Limited,5,"-"
JETKNIT,ST,Jet Knitwears Limited,5,"-"
JEYYAM,ST,Jeyyam Global Foods Limited,5,"-"
JFLLIFE,SM,Jfl Life Sciences Limited,5,"-"
JYOTIGLOBL,ST,Jyoti Global Plast Limited,5,"-"
K2INFRA,ST,K2 Infragen Limited,5,"-"
KCEIL,ST,Kay Cee Energy & Infra Limited,5,"-"
KDL,SM,Kore Digital Limited,5,"-"
KKVAPOW,SM,KKV Agro Powers Limited,5,"-"
KONSTELEC,ST,Konstelec Engineers Limited,5,"-"
KRMAYURVED,ST,KRM Ayurveda Limited,5,"-"
LAKSHYA,ST,Lakshya Powertech Limited,5,"-"
LLOYDS,ST,Lloyds Luxuries Limited,5,"-"
MAGSON,ST,Magson Retail And Distribution Limited,5,"-"
MAKS,SM,Maks Energy Solutions India Limited,5,"-"
MAL,SM,Mangalam Alloys Limited,5,"-"
MANAV,SM,Manav Infra Projects Limited,5,"-"
MANDEEP,SM,Mandeep Auto Industries Limited,5,"-"
MARC,ST,Marc Technocrats Limited,5,"-"
MARINETRAN,SM,Marinetrans India Limited,5,"-"
MASTER,SM,Master Components Limited,5,"-"
MAXVOLT,ST,Maxvolt Energy Industries Limited,5,"-"
MCON,SM,Mcon Rasayan India Limited,5,"-"
MDL,ST,Marvel Decor Limited,5,"-"
MEDIORG,SM,Medicamen Organics Limited,5,"-"
MEGAFLEX,SM,Mega Flex Plastics Limited,5,"-"
MHHL,SM,Mohini Health & Hygiene Limited,5,"-"
MIEL,SM,Manglam Infra & Engineering Limited,5,"-"
MILTON,SM,Milton Industries Limited,5,"-"
MINDPOOL,SM,Mindpool Technologies Limited,5,"-"
MMEL,ST,Moving Media Entertainment Limited,5,"-"
MOBILISE,ST,Mobilise App Lab Limited,5,"-"
MONOPHARMA,SM,Mono Pharmacare Limited,5,"-"
MOS,ST,Mos Utility Limited,5,"-"
MOXSH,ST,Moxsh Overseas Educon Limited,5,"-"
MPEL,ST,Manas Polymers and Energies Limited,5,"-"
MPTODAY,SM,Madhya Pradesh Today Media Limited,5,"-"
MRIL,ST,Mahendra Realtors & Infrastructure Limited,5,"-"
MUNISH,ST,Munish Forge Limited,5,"-"
NAMAN,SM,Naman Industries Proxima Limited,5,"-"
NEELAM,SM,Neelam Linens and Garments (India) Limited,5,"-"
NEOCHEM,ST,Neochem Bio Solutions Limited,5,"-"
NEPHROCARE,ST,Nephro Care India Limited,5,"-"
NFPSAMPOOR,SM,NFP Sampoorna Foods Limited,5,"-"
NIKITA,SM,NIKITA GREENTECH RECYCLING LIMITED,5,"-"
NRVANDANA,ST,N R Vandana Tex Industries Limited,5,"-"
OLIL,ST,Oneclick Logistics India Limited,5,"-"
OMFURN,ST,Omfurn India Limited,5,"-"
ONDOOR,ST,On Door Concepts Limited,5,"-"
ONYX,ST,Onyx Biotec Limited,5,"-"
OWAIS,ST,Owais Metal And Mineral Processing Limited,5,"-"
PARAMOUNT,ST,Paramount Dye Tec Limited,5,"-"
PARAMPARA,SM,PARAMPARA DAIRY DELIGHTS LIMITED,5,"-"
PARTH,ST,Parth Electricals & Engineering Limited,5,"-"
PATILAUTOM,ST,Patil Automation Limited,5,"-"
PATTECH,ST,Pattech Fitwell Tube Components Limited,5,"-"
PERFECT,SZ,Perfect Infraengineers Limited,5,"GSM STAGE - 0"
PLADAINFO,SM,Plada Infotech Services Limited,5,"-"
POSITRON,ST,Positron Energy Limited,5,"-"
PPSL,ST,Picturepost Studios Limited,5,"-"
PRAMARA,SM,Pramara Promotions Limited,5,"-"
PRECISION,SM,Precision Metaliks Limited,5,"-"
PRIMECAB,ST,Prime Cable Industries Limited,5,"-"
PROLIFE,SM,Prolife Industries Limited,5,"-"
PSRAJ,ST,P S Raj Steels Limited,5,"-"
PULZ,SM,Pulz Electronics Limited,5,"-"
PURPLEUTED,ST,Purple United Sales Limited,5,"-"
PURVFLEXI,ST,Purv Flexipack Limited,5,"-"
QFIL,SM,Quality Foils (India) Limited,5,"-"
QUADPRO,SM,Quadpro Ites Limited,5,"-"
QUICKTOUCH,SM,Quicktouch Technologies Limited,5,"-"
QVCEL,SM,QVC Exports Limited,5,"-"
RADIOWALLA,ST,Radiowalla Network Limited,5,"-"
RBS,ST,Ramdevbaba Solvent Limited,5,"-"
REFRACTORY,SM,Refractory Shapes Limited,5,"-"
REXPIPES,SM,Rex Pipes And Cables Industries Limited,5,"-"
REXPRO,SM,Rexpro Enterprises Limited,5,"-"
RICHA,ST,Richa Info Systems Limited,5,"-"
RITEZONE,ST,Rite Zone Chemcon India Limited,5,"-"
RNPL,SM,Renol Polychem Limited,5,"-"
ROXHITECH,ST,Rox Hi Tech Limited,5,"-"
SAAKSHI,ST,SAAKSHI MEDTECH AND PANELS LIMITED,5,"-"
SABAR,SM,Sabar Flex India Limited,5,"-"
SAIFL,SM,Sameera Agro And Infra Limited,5,"-"
SAMAY,SM,Samay Project Services Limited,5,"-"
SANGANI,SM,Sangani Hospitals Limited,5,"-"
SAROJA,SM,Saroja Pharma Industries India Limited,5,"-"
SATECH,SM,S A Tech Software India Limited,5,"-"
SATIPOLY,ST,Sati Poly Plast Limited,5,"-"
SATKARTAR,ST,Sat Kartar Life Limited,5,"-"
SEL,ST,Sungarner Energies Limited,5,"-"
SERVICE,SM,Service Care Limited,5,"-"
SHAIVAL,ST,Shaival Reality Limited,5,"-"
SHEEL,ST,Sheel Biotech Limited,5,"-"
SHERA,ST,Shera Energy Limited,5,"-"
SHETHJI,ST,Shreeji Global FMCG Limited,5,"-"
SHREEDHAR,ST,SHREEDHAR SPINNERS LIMITED,5,"-"
SHRIAHIMSA,ST,Shri Ahimsa Naturals Limited,5,"-"
SHRIKANHA,ST,Shri Kanha Stainless Limited,5,"-"
SHUBHLAXMI,SM,Shubhlaxmi Jewel Art Limited,5,"-"
SHYAMDHANI,ST,Shyam Dhani Industries Limited,5,"-"
SIDDHIKA,SM,Siddhika Coatings Limited,5,"-"
SIGNORIA,ST,Signoria Creation Limited,5,"-"
SILKFLEX,ST,Silkflex Polymers (India) Limited,5,"-"
SLONE,ST,Slone Infosystems Limited,5,"-"
SMARTEN,ST,Smarten Power Systems Limited,5,"-"
SMVD,SM,SMVD Poly Pack Limited,5,"-"
SNEHAA,ST,Snehaa Organics Limited,5,"-"
SOCL,ST,Sundrex Oil Company Limited,5,"-"
SONAMAC,ST,Sona Machinery Limited,5,"-"
SONUINFRA,ST,Sonu Infratech Limited,5,"-"
SOTAC,SM,Sotac Pharmaceuticals Limited,5,"-"
SPEB,ST,Speb Adhesives Limited,5,"-"
SPECTSTM,ST,Spectrum Talent Management Limited,5,"-"
SPPPOLY,SM,SPP Polymer Limited,5,"-"
SPRL,SM,Sp Refractories Limited,5,"-"
SSFL,ST,Srivari Spices And Foods Limited,5,"-"
STUDIOLSD,ST,Studio LSD Limited,5,"-"
SUNLITE,ST,Sunlite Recycling Industries Limited,5,"-"
SUNTECH,ST,Suntech Infra Solutions Limited,5,"-"
SUPREMEPWR,ST,Supreme Power Equipment Limited,5,"-"
SURANI,ST,Surani Steel Tubes Limited,5,"-"
SWASTIK,ST,Swastik Pipe Limited,5,"-"
SYLVANPLY,SM,Sylvan Plyboard (India) Limited,5,"-"
SYNOPTICS,SM,Synoptics Technologies Limited,5,"-"
TAC,SM,TAC Infosec Limited,5,"-"
TAPIFRUIT,SM,Tapi Fruit Processing Limited,5,"-"
TECHD,ST,TechD Cybersecurity Limited,5,"-"
TECHERA,SM,TechEra Engineering (India) Limited,5,"-"
TECHLABS,ST,Trident Techlabs Limited,5,"-"
TEJASCARGO,SM,Tejas Cargo India Limited,5,"-"
TGL,SM,Teerth Gopicon Limited,5,"-"
THESL,ST,Thinking Hats Entertainment Solutions Limited,5,"-"
TIMESCAN,SM,Timescan Logistics (India) Limited,5,"-"
TIRUPATI,SM,Shree Tirupati Balajee FIBC Limited,5,"-"
TRANSWIND,SM,Transwind Infrastructures Limited,5,"-"
TRIDHYA,ST,Tridhya Tech Limited,5,"-"
TROM,ST,Trom Industries Limited,5,"-"
UNIHEALTH,ST,Unihealth Hospitals Limited,5,"-"
USASEEDS,SM,Upsurge Seeds Of Agriculture Limited,5,"-"
UTSSAV,ST,Utssav CZ Gold Jewels Limited,5,"-"
UWCSL,SM,Ultra Wiring Connectivity System Limited,5,"-"
VASA,SM,Vasa Retail and Overseas Ltd,5,"GSM STAGE - 0"
VEEKAYEM,ST,Veekayem Fashion And Apparels Limited,5,"-"
VELS,ST,Vels Film International Limited,5,"-"
VERA,SM,Vera Synthetic Limited,5,"-"
VERITAAS,SM,Veritaas Advertising Limited,5,"-"
VERTEXPLUS,SM,Vertexplus Technologies Limited,5,"-"
VIAZ,SM,Viaz Tyres Limited,5,"-"
VICTORYEV,ST,Victory Electric Vehicles International Limited,5,"-"
VIGOR,ST,Vigor Plast India Limited,5,"-"
VIJAYPD,ST,Vijaypd Ceutical Limited,5,"-"
VILINBIO,ST,Vilin Bio Med Limited,5,"-"
VINSYS,ST,Vinsys It Services India Limited,5,"-"
VISHWAS,ST,Vishwas Agri Seeds Limited,5,"-"
VIVIDEL,ST,Vivid Electromech Limited,5,"-"
VIVO,SM,Vivo Collaboration Solutions Limited,5,"-"
VLINFRA,ST,V.L.Infraprojects Limited,5,"-"
VR,SM,V R Infraspace Limited,5,"-"
VSCL,ST,Vadivarhe Speciality Chemicals Limited,5,"-"
WALPAR,SM,Walpar Nutritions Limited,5,"-"
WHITEFORCE,ST,Happy Square Outsourcing Services Limited,5,"-"
WINNY,SM,Winny Immigration & Education Services Limited,5,"GSM STAGE - 0"
WOL3D,ST,Wol 3D India Limited,5,"-"
YAAP,ST,Yaap Digital Limited,5,"-"
YUDIZ,SM,Yudiz Solutions Limited,5,"-"
AMBAAUTO,SM,Amba Auto Sales and Services Limited,10,"-"
BEWLTD,SM,BEW Engineering Limited,10,"-"
BHADORA,SM,Bhadora Industries Limited,10,"-"
CKKRETAIL,SM,C K K Retail Mart Limited,10,"-"
DENEERS,SM,De Neers Tools Limited,10,"-"
EFORCE,SM,Electro Force (India) Limited,10,"-"
FALCONTECH,SM,Falcon Technoprojects India Limited,10,"-"
FINBUD,SM,Finbud Financial Services Limited,10,"-"
GANGABATH,SM,Ganga Bath Fittings Limited,10,"-"
GIRIRAJ,SM,Giriraj Civil Developers Limited,10,"-"
ITALIANE,SM,Italian Edibles Limited,10,"-"
JAINIK,SM,Jainik Power Cables Limited,10,"-"
KALANA,SM,Kalana Ispat Limited,10,"-"
KANDARP,SM,Kandarp Digi Smart Bpo Limited,10,"-"
KCK,SM,Kck Industries Limited,10,"-"
KODYTECH,SM,Kody Technolab Limited,10,"-"
KORE,SM,Jay Jalaram Technologies Limited,10,"-"
LRRPL,SM,Lead Reclaim And Rubber Products Limited,10,"-"
MADHUSUDAN,SM,Madhusudan Masala Limited,10,"-"
MVKAGRO,SM,M.V.K. Agro Food Product Limited,10,"-"
NIRMAN,SM,Nirman Agri Genetics Limited,10,"-"
POLYSIL,SM,Polysil Irrigation Systems Limited,10,"-"
PRESSTONIC,SM,Presstonic Engineering Limited,10,"-"
SARTELE,SM,Sar Televenture Limited,10,"-"
SCML,SM,Sharp Chucks and Machines Limited,10,"-"
UTKAL,SM,Utkal Speciality Industries India Limited,10,"-"
VISAMAN,SM,Visaman Global Sales Limited,10,"-"
WTICAB,SM,Wise Travel India Limited,10,"-"
AARADHYA,SM,Aaradhya Disposal Industries Limited,20,"-"
AATMAJ,SM,Aatmaj Healthcare Limited,20,"-"
ABHAPOWER,SM,Abha Power and Steel Limited,20,"-"
ABNINT,IT,A B N Intercorp Limited,20,"-"
ACCENTMIC,SM,Accent Microcell Limited,20,"-"
ACETEC,SM,Acetech E-Commerce Limited,20,"-"
ACTIVEINFR,SM,Active Infrastructures Limited,20,"-"
ADISOFT,SM,Adisoft Technologies Limited,20,"-"
AERON,SM,Aeron Composite Limited,20,"-"
AESTHETIK,SM,Aesthetik Engineers Limited,20,"-"
AGARWALTUF,SM,Agarwal Toughened Glass India Limited,20,"-"
AIMTRON,SM,Aimtron Electronics Limited,20,"-"
ALPEXSOLAR,SM,Alpex Solar Limited,20,"-"
ALUWIND,SM,ALUWIND INFRA-TECH LIMITED,20,"-"
AMCL,SM,ANB Metal Cast Limited,20,"-"
AMIABLE,SM,Amiable Logistics (India) Limited,20,"-"
ANNAPURNA,SM,Annapurna Swadisht Limited,20,"-"
ANONDITA,SM,Anondita Medicare Limited,20,"-"
ANYA,SM,Anya Polytech & Fertilizers Limited,20,"-"
APRAMEYA,SM,Aprameya Engineering Limited,20,"-"
APS,SM,Australian Premium Solar (India) Limited,20,"-"
ARABIAN,SM,Arabian Petroleum Limited,20,"-"
ARHAM,SM,Arham Technologies Limited,20,"-"
ARIHANTACA,SM,Arihant Academy Limited,20,"-"
ARMOUR,SM,Armour Security (India) Limited,20,"-"
ASHALOG,SM,Ashapura Logistics Limited,20,"-"
ASHWINI,SM,Ashwini Container Movers Limited,20,"-"
AVIANSH,SM,Avi Ansh Textile Limited,20,"-"
BABAFP,SM,Baba Food Processing (India) Limited,20,"-"
BAGDIGITAL,SM,B.A.G. Convergence Limited,20,"-"
BAHETI,SM,Baheti Recycling Industries Limited,20,"-"
BALAJIPHOS,SM,Balaji Phosphates Limited,20,"-"
BARFLEX,SM,Barflex Polyfilms Limited,20,"-"
BASILIC,SM,Basilic Fly Studio Limited,20,"-"
BIOPOL,SM,Biopol Chemicals Limited,20,"-"
BLUEPEBBLE,SM,Blue Pebble Limited,20,"-"
BMETRICS,SM,Bombay Metrics Supply Chain Limited,20,"-"
BMLL,SM,Bio Medica Laboratories Limited,20,"-"
BRACEPORT,SM,Brace Port Logistics Limited,20,"-"
C2C,SM,C2C Advanced Systems Limited,20,"-"
CANARYS,SM,Canarys Automations Limited,20,"-"
CELLPOINT,SM,Cell Point (India) Limited,20,"-"
CGRAPHICS,SM,Creative Graphics Solutions India Limited,20,"-"
CHAMUNDA,SM,Chamunda Electrical Limited,20,"-"
CHANDAN,SM,Chandan Healthcare Limited,20,"-"
CHAVDA,SM,Chavda Infra Limited,20,"-"
CLSL,SM,Crop Life Science Limited,20,"-"
CMNL,SM,Chaman Metallics Limited,20,"-"
CONNPLEX,SM,Connplex Cinemas Limited,20,"-"
CSSL,SM,Clear Secured Services Limited,20,"-"
CURIS,SM,Curis Lifesciences Limited,20,"-"
CURRENT,SM,Current Infraprojects Limited,20,"-"
DANISH,SM,Danish Power Limited,20,"-"
DCCL,SM,Dar Credit & Capital Limited,20,"-"
DCG,SM,DCG Cables & Wires Limited,20,"-"
DECCANTRAN,SM,Deccan Transcon Leasing Limited,20,"-"
DELAPLEX,SM,Delaplex Limited,20,"-"
DENTALKART,SM,Vasa Denticity Limited,20,"-"
DHANLAXMI,SM,Dhanlaxmi Crop Science Limited,20,"-"
DHARARAIL,SM,Dhara Rail Projects Limited,20,"-"
DHARIWAL,SM,Dhariwalcorp Limited,20,"-"
DIGIKORE,SM,Digikore Studios Limited,20,"-"
DKEGL,SM,D.K. Enterprises Global Limited,20,"-"
DOLLEX,SM,Dollex Agrotech Limited,20,"-"
DTL,SM,Diensten Tech Limited,20,"-"
DUCOL,SM,Ducol Organics And Colours Limited,20,"-"
EEPL,SM,Eppeltone Engineers Limited,20,"-"
EFACTOR,SM,E Factor Experiences Limited,20,"-"
ELGNZ,SM,Eleganz Interiors Limited,20,"-"
EMAPARTNER,SM,EMA Partners India Limited,20,"-"
EMKAYTOOLS,SM,Emkay Taps and Cutting Tools Limited,20,"-"
EMMIL,SM,Energy Mission Machineries (India) Limited,20,"-"
ENCOMPAS,SM,Encompass Design India Limited,20,"-"
ENFUSE,SM,Enfuse Solutions Limited,20,"-"
ENVIRO,SM,Envirotech Systems Limited,20,"-"
ESPRIT,SM,Esprit Stones Limited,20,"-"
ETL,SM,Emkay Tools Limited,20,"-"
ETML,SM,Emerald Tyre Manufacturers Limited,20,"-"
EXIMROUTES,SM,Exim Routes Limited,20,"-"
FELIX,SM,Felix Industries Limited,20,"-"
FIDEL,SM,Fidel Softech Limited,20,"-"
FLYSBS,SM,FlySBS Aviation Limited,20,"-"
FORCAS,SM,Forcas Studio Limited,20,"-"
FRESHARA,SM,Freshara Agro Exports Limited,20,"-"
FWSTC,SM,Flywings Simulator Training Centre Limited,20,"-"
GAJANAND,SM,Gajanand International Limited,20,"-"
GENXAI,SM,GenXAI Analytics Limited,20,"-"
GGBL,SM,Ganesh Green Bharat Limited,20,"-"
GOYALSALT,SM,Goyal Salt Limited,20,"-"
GSMFOILS,SM,GSM Foils Limited,20,"-"
HIGREEN,SM,Hi-Green Carbon Limited,20,"-"
IDEALTECHO,SM,Ideal Technoplast Industries Limited,20,"-"
INFLUX,SM,Influx Healthtech Limited,20,"-"
INFOLLION,SM,INFOLLION RESEARCH SERVICES LIMITED,20,"-"
INM,SM,Interiors & More Limited,20,"-"
IPHL,SM,Indian Phosphate Limited,20,"-"
IPSL,SM,Integrated Personnel Services Limited,20,"-"
JAYESH,SM,Jayesh Logistics Limited,20,"-"
JIWANRAM,SM,Jiwanram Sheoduttrai Industries Limited,20,"-"
KARNIKA,SM,Karnika Industries Limited,20,"-"
KATARIA,SM,Kataria Industries Limited,20,"-"
KAYTEX,SM,Kaytex Fabrics Limited,20,"-"
KEL,SM,Kundan Edifice Limited,20,"-"
KEN,SM,Ken Enterprises Limited,20,"-"
KHFM,SM,Khfm Hospitality And Facility Management Services Limited,20,"-"
KKJEWELS,SM,Kabra Jewels Limited,20,"-"
KLL,SM,Kaushalya Logistics Limited,20,"-"
KONTOR,SM,Kontor Space Limited,20,"-"
KRISHCA,SM,Krishca Strapping Solutions Limited,20,"-"
LAMOSAIC,SM,Lamosaic India Limited,20,"-"
MACOBSTECH,SM,Macobs Technologies Limited,20,"-"
MADHAVBAUG,SM,Vaidya Sane Ayurved Laboratories Limited,20,"-"
MAHICKRA,SM,Mahickra Chemicals Limited,20,"-"
MAITREYA,SM,Maitreya Medicare Limited,20,"-"
MANILAM,SM,Manilam Industries India Limited,20,"-"
MARCO,SM,Marco Cables & Conductors Limited,20,"-"
MARUSHIKA,SM,Marushika Technology Limited,20,"-"
MASON,SM,Mason Infratech Limited,20,"-"
MAXPOSURE,SM,Maxposure Limited,20,"-"
MAYASHEEL,SM,Mayasheel Ventures Limited,20,"-"
MEDISTEP,SM,Medistep Healthcare Limited,20,"-"
MEGATHERM,SM,Megatherm Induction Limited,20,"-"
MGSL,SM,Matrix Geo Solutions Limited,20,"-"
MICROPRO,SM,Micropro Software Solutions Limited,20,"-"
MONOLITH,SM,Monolithisch India Limited,20,"-"
MYMUDRA,SM,My Mudra Fincorp Limited,20,"-"
NEPTUNE,SM,Neptune Petrochemicals Limited,20,"-"
NIDAN,SM,Nidan Laboratories And Healthcare Limited,20,"-"
NMSTEEL,SM,Newmalayalam Steel Limited,20,"-"
OBSCP,SM,OBSC Perfection Limited,20,"-"
OPTIVALUE,SM,Optivalue Tek Consulting Limited,20,"-"
ORIANA,SM,Oriana Power Limited,20,"-"
OSELDEVICE,SM,Osel Devices Limited,20,"-"
PARAGON,SM,Paragon Fine and Speciality Chemical Limited,20,"-"
PARAMATRIX,SM,Paramatrix Technologies Limited,20,"-"
PARIN,SM,Parin Enterprises Limited,20,"-"
PARTYCRUS,SM,Party Cruisers Limited,20,"-"
PCCL,SM,Petro Carbon and Chemicals Limited,20,"-"
PELATRO,SM,Pelatro Limited,20,"-"
PENTAGON,SM,Pentagon Rubber Limited,20,"-"
PHANTOMFX,SM,Phantom Digital Effects Limited,20,"-"
PHOGLOBAL,SM,Phoenix Overseas Limited,20,"-"
PRANIK,SM,Pranik Logistics Limited,20,"-"
PRATHAM,SM,Pratham EPC Projects Limited,20,"-"
PREMIUM,SM,Premium Plast Limited,20,"-"
PRITIKA,SM,Pritika Engineering Components Limited,20,"-"
PRLIND,SM,Premier Roadlines Limited,20,"-"
PROFX,SM,Pro FX Tech Limited,20,"-"
PROPEQUITY,SM,P. E. Analytics Limited,20,"-"
PROV,SM,Proventus Agrocom Limited,20,"-"
PSFL,SM,Paramount Speciality Forgings Limited,20,"-"
PUSHPA,SM,Pushpa Jewellers Limited,20,"-"
QLINE,SM,Q-Line Biotech Limited,20,"-"
QUESTLAB,SM,Quest Laboratories Limited,20,"-"
RAJINDLTD,SM,Rajputana Industries Limited,20,"-"
RAJPUTANA,SM,Rajputana Biodiesel Limited,20,"-"
RAPIDFLEET,SM,Rapid Fleet Management Services Limited,20,"-"
RAPPID,SM,Rappid Valves (India) Limited,20,"-"
RBMINFRA,SM,Rbm Infracon Limited,20,"-"
RCDL,SM,Rajgor Castor Derivatives Limited,20,"-"
READYMIX,SM,Readymix Construction Machinery Limited,20,"-"
REMUS,SM,Remus Pharmaceuticals Limited,20,"-"
RFBL,SM,RFBL Flexi Pack Limited,20,"-"
RILINFRA,SM,Rachana Infrastructure Limited,20,"-"
RNFI,SM,RNFI Services Limited,20,"-"
ROCKINGDCE,SM,Rockingdeals Circular Economy Limited,20,"-"
ROYALARC,SM,Royal Arc Electrodes Limited,20,"-"
RTL,SM,Rama Telecom Limited,20,"-"
RULKA,SM,Rulka Electricals Limited,20,"-"
SACHEEROME,SM,Sacheerome Limited,20,"-"
SADHAV,SM,Sadhav Shipping Limited,20,"-"
SAFEENTP,SM,Safe Enterprises Retail Fixtures Limited,20,"-"
SAHAJSOLAR,SM,Sahaj Solar Limited,20,"-"
SAHANA,SM,Sahana System Limited,20,"-"
SAJHOTELS,SM,Saj Hotels Limited,20,"-"
SATTVAENGG,SM,Sattva Engineering Construction Limited,20,"-"
SAVY,SM,Savy Infra and Logistics Limited,20,"-"
SAWALIYA,SM,Sawaliya Food Products Limited,20,"-"
SDREAMS,SM,S D Retail Limited,20,"-"
SELLOWRAP,SM,Sellowrap Industries Limited,20,"-"
SFML,SM,Supreme Facility Management Limited,20,"-"
SHANTHALA,SM,Shanthala FMCG Products Limited,20,"-"
SHEETAL,SM,Sheetal Universal Limited,20,"-"
SHIGAN,SM,Shigan Quantum Technologies Limited,20,"-"
SHIVASHRIT,SM,Shivashrit Foods Limited,20,"-"
SHKSIL,SM,Shri Hare-Krishna Sponge Iron Limited,20,"-"
SHREEKARNI,SM,Shree Karni Fabcom Limited,20,"-"
SHREEOSFM,SM,Shree OSFM E-Mobility Limited,20,"-"
SHRITECH,SM,Shri Techtex Limited,20,"-"
SHUBHSHREE,SM,Shubhshree Biofuels Energy Limited,20,"-"
SIDDHICOTS,SM,Siddhi Cotspin Limited,20,"-"
SILKY,SM,Silky Overseas Limited,20,"-"
SIMCA,SM,Simca Advertising Limited,20,"-"
SJLOGISTIC,SM,S J Logistics (India) Limited,20,"-"
SKP,SM,Skp Bearing Industries Limited,20,"-"
SPCL,SM,Shivalic Power Control Limited,20,"-"
SPCON,SM,Srinibas Pradhan Constructions Limited,20,"-"
SPUNWEB,SM,Spunweb Nonwoven Limited,20,"-"
SRIVASAVI,SM,Srivasavi Adhesive Tapes Limited,20,"-"
SSEGL,SM,Sathlokhar Synergys E&C Global Limited,20,"-"
STRIDERS,SM,Striders Impex Limited,20,"-"
SUBAHOTELS,SM,Suba Hotels Limited,20,"-"
SUNREST,SM,Sunrest Lifescience Limited,20,"-"
SWARAJ,SM,Swaraj Suiting Limited,20,"-"
SYSTANGO,SM,Systango Technologies Limited,20,"-"
TAURIAN,SM,Taurian MPS Limited,20,"-"
TBI,SM,TBI Corn Limited,20,"-"
TCL,SM,Thaai Casting Limited,20,"-"
TEAMTECH,SM,Teamtech Formwork Solutions Limited,20,"-"
TRANSTEEL,SM,Transteel Seating Technologies Limited,20,"-"
TRUST,SM,Trust Fintech Limited,20,"-"
TSC,SM,TSC India Limited,20,"-"
TUNWAL,SM,Tunwal E-Motors Limited,20,"-"
UMA,SM,Uma Converter Limited,20,"-"
UNILEX,SM,Unilex Colours and Chemicals Limited,20,"-"
URBAN,SM,Urban Enviro Waste Management Limited,20,"-"
USHAFIN,SM,Usha Financial Services Limited,20,"-"
VALUE360,SM,Value 360 Communications Limited,20,"-"
VDEAL,SM,Vdeal System Limited,20,"-"
VGINFOTECH,SM,Virtual Galaxy Infotech Limited,20,"-"
VIESL,SM,Vision Infra Equipment Solutions Limited,20,"-"
VILAS,SM,Vilas Transcore Limited,20,"-"
VINYAS,SM,Vinyas Innovative Technologies Limited,20,"-"
VISHNUINFR,SM,Vishnusurya Projects and Infra Limited,20,"-"
VMARCIND,SM,V Marc India Limited,20,"-"
VOLERCAR,SM,Voler Car Limited,20,"-"
WINSOL,SM,Winsol Engineers Limited,20,"-"
WOMANCART,SM,Womancart Limited,20,"-"
YASHOPTICS,SM,Yash Optics & Lens Limited,20,"-"
YCCL,SM,Yasons Chemex Care Limited,20,"-"
ZEAL,SM,Zeal Global Services Limited,20,"-"
ZENITHDRUG,SM,Zenith Drugs Limited,20,"-"
ZTECH,SM,Z-Tech (India) Limited,20,"-"
